Rk,Gtm,Date,Loc,Opp,Rslt,IP,H,R,ER,UER,BB,SO,HR,HBP,ERA,BF,Pit,Str,IR,IS,SB,CS,AB,2B,3B,IBB,SH,SF,ROE,GDP,#,Umpire,Pitchers Used (Rest-GameScore-Dec)
1,1,2019 03 28,@,MIA,"W,6-3",9,4,3,3,0,1,7,3,1,3,34,121,84,0,0,0,0,32,0,0,0,0,0,1,0,3,Gerry Davis,"K.Freeland (99-73-W), S.Oberg (99), S.Oh (99)"
2,2,2019 03 29,@,MIA,"W,6-1",9,2,1,1,0,3,9,1,1,2,31,135,85,0,0,0,2,27,0,0,0,0,0,0,0,4,Greg Gibson,"G.Marquez (99-68-W), D.Johnson (99-H), M.Dunn (99-H), B.Shaw (99)"
3,3,2019 03 30,@,MIA,"L,3-7",8,16,7,7,0,1,3,0,0,3.81,40,139,98,2,1,0,0,38,4,0,0,0,1,0,1,5,Brian Knight,"T.Anderson (99-32-L), J.McGee (99), D.Johnson (0), M.Dunn (0), B.Shaw (0)"
4,4,2019 03 31,@,MIA,"L,0-3",8,5,3,3,0,2,11,1,1,3.71,31,112,78,0,0,2,0,28,0,0,0,0,0,0,1,3,Pat Hoberg,"J.Gray (99-61-L), H.Musgrave (99), W.Davis (99)"
5,5,2019 04 01,@,TBR,"L,1-7",8,9,7,7,0,4,9,2,0,4.5,37,137,84,4,1,0,0,32,1,0,0,0,1,1,0,4,Andy Fletcher,"C.Bettis (99-34-L), D.Johnson (1), J.McGee (1), B.Shaw (1)"
6,6,2019 04 02,@,TBR,"L,0-4",8,8,4,3,1,6,13,0,1,4.32,40,171,97,2,0,1,0,33,2,0,0,0,0,0,0,4,Will Little,"K.Freeland (4-54-L), C.Estevez (99), S.Oh (4), B.Shaw (0)"
7,7,2019 04 03,@,TBR,"W,1-0",11,6,0,0,0,7,11,0,0,3.54,46,158,96,0,0,3,0,39,0,0,1,0,0,1,1,5,Joe West,"G.Marquez (4-75), M.Dunn (3), S.Oberg (5), H.Musgrave (2), W.Davis (2-W)"
8,8,2019 04 05,x,LAD,"L,6-10",9,13,10,9,1,6,5,3,0,4.24,45,170,102,3,0,0,0,37,2,1,0,1,1,1,1,5,Lance Barrett,"T.Anderson (5-19-L), C.Estevez (2), M.Dunn (1), D.Johnson (3), B.Shaw (2)"
9,9,2019 04 06,x,LAD,"L,2-7",9,11,7,7,0,3,9,1,1,4.56,39,149,88,0,0,0,1,31,1,2,0,1,3,0,2,5,Mike Everitt,"J.Gray (5-38-L), D.Johnson (0), M.Dunn (0), S.Oh (3), H.Musgrave (2)"
10,10,2019 04 07,x,LAD,"L,6-12",9,12,12,10,2,10,4,2,0,5.11,48,199,110,3,2,0,0,35,5,0,1,2,1,1,2,5,Bill Welke,"C.Bettis (5-18-L), Y.Almonte (99), C.Estevez (1), B.Shaw (1), H.Musgrave (0)"
11,11,2019 04 08,x,ATL,"L,6-8",9,9,8,8,0,6,8,1,1,5.38,42,156,102,2,1,0,0,34,0,1,1,0,1,0,1,4,Ron Kulpa,"K.Freeland (5-24-L), D.Johnson (1), S.Oberg (4), W.Davis (4)"
12,12,2019 04 09,x,ATL,"L,1-7",9,12,7,7,0,0,5,2,0,5.52,38,165,111,0,0,0,0,37,3,0,0,1,0,0,0,5,Marty Foster,"G.Marquez (5-35-L), B.Shaw (1), M.Dunn (2), S.Oh (2), Y.Almonte (1)"
13,13,2019 04 11,@,SFG,"L,0-1",8,6,1,1,0,4,7,1,0,5.21,33,128,81,4,0,0,1,29,2,0,0,0,0,0,0,5,Paul Nauert,"J.Gray (4-63-L), M.Dunn (1), D.Johnson (2), H.Musgrave (3), C.Estevez (3)"
14,14,2019 04 12,@,SFG,"L,2-3",17.1,8,3,3,0,5,17,0,0,4.73,62,238,154,4,1,0,1,56,2,1,2,0,1,0,2,10,CB Bucknor,"C.Bettis (4-49), M.Dunn (0-BSv), B.Shaw (2), S.Oh (2), S.Oberg (3), 
C.Estevez (0), Y.Almonte (2), W.Davis (3), H.Musgrave (0), D.Johnson (0-L)"
15,15,2019 04 13,@,SFG,"L,2-5",8,11,5,5,0,3,7,1,0,4.78,38,115,72,3,2,0,0,31,2,1,0,1,3,0,0,4,D.J. Reyburn,"K.Freeland (4-41-L), B.Shaw (0), S.Oh (0), M.Dunn (0)"
16,16,2019 04 14,@,SFG,"W,4-0",9,1,0,0,0,0,9,0,1,4.49,29,105,75,,,0,0,28,0,0,0,0,0,0,0,1,Fieldin Culbreth,G.Marquez (4-94-W)
17,17,2019 04 15,@,SDP,"W,5-2",9,8,2,2,0,2,7,2,1,4.35,36,134,79,2,0,0,0,33,1,0,0,0,0,0,1,4,Phil Cuzzi,"A.Senzatela (99-61-W), C.Estevez (2), S.Oberg (2), W.Davis (2-Sv)"
18,18,2019 04 16,@,SDP,"W,8-2",9,5,2,2,0,5,7,1,0,4.22,34,125,80,2,1,0,0,29,1,0,0,0,0,0,3,4,Chad Whitson,"J.Gray (4-69-W), C.Estevez (0), D.Johnson (3), S.Oh (2)"
19,19,2019 04 18,x,PHI,"W,6-2",9,5,2,2,0,2,12,1,1,4.11,35,155,100,1,0,0,0,32,0,0,0,0,0,0,0,4,Will Little,"K.Freeland (4-75-W), C.Estevez (1-H), S.Oberg (2-H), W.Davis (2)"
20,20,2019 04 19,x,PHI,"W,4-3",12,17,3,3,0,6,11,0,0,3.99,58,210,140,0,0,0,0,51,3,0,1,0,1,0,1,8,Joe West,"G.Marquez (4-42), B.Shaw (5), M.Dunn (5), S.Oh (2), W.Davis (0), S.Oberg 
(0), H.Musgrave (6), C.Bettis (6-W)"
21,21,2019 04 20,x,PHI,"L,5-8",9,14,8,8,0,1,6,2,0,4.17,41,153,98,2,1,0,0,39,2,0,0,1,0,0,1,6,Eric Cooper,"A.Senzatela (4-44-L), B.Shaw (0), M.Dunn (0), C.Estevez (1), D.Johnson (3), 
S.Oh (0)"
22,22,2019 04 21,x,PHI,"W,4-1",9,6,1,1,0,6,7,0,0,4.03,38,160,99,0,0,0,0,31,2,0,0,1,0,0,1,4,Andy Fletcher,"J.Gray (4-69-W), C.Estevez (0), S.Oberg (1), W.Davis (1)"
23,23,2019 04 22,x,WSN,"W,7-5",9,6,5,5,0,4,6,1,0,4.07,35,162,100,0,0,2,0,30,1,0,0,1,0,0,2,5,Vic Carapazza,"T.Anderson (16-32), C.Bettis (2), S.Oh (1-W), S.Oberg (0-H), W.Davis (0-Sv)"
24,24,2019 04 23,x,WSN,"L,3-6",9,10,6,6,0,3,11,0,1,4.15,41,175,103,4,2,2,0,36,2,1,0,0,1,0,0,5,Jerry Layne,"J.Hoffman (99-45-L), B.Shaw (2), C.Estevez (1), M.Dunn (2), D.Johnson (2)"
25,25,2019 04 24,x,WSN,"W,9-5",9,12,5,5,0,2,10,1,0,4.18,41,140,97,2,0,0,0,39,3,0,0,0,0,0,0,4,Hunter Wendelstedt,"G.Marquez (4-54-W), S.Oberg (1-H), H.Musgrave (4), W.Davis (1-Sv)"
26,26,2019 04 26,@,ATL,"W,8-4",9,10,4,4,0,3,7,2,1,4.18,39,157,96,2,0,0,0,35,2,0,0,0,0,0,1,6,Carlos Torres,"A.Senzatela (5-44-W), C.Estevez (2-H), S.Oh (3-H), S.Oberg (1), C.Bettis 
(3), W.Davis (1-Sv)"
27,27,2019 04 27,@,ATL,"W,9-5",9,9,5,5,0,4,6,2,0,4.21,38,141,88,1,0,1,0,34,3,0,0,0,0,0,1,4,Dana DeMuth,"J.Gray (5-29), M.Dunn (3), B.Shaw (3-W), W.Davis (0)"
28,28,2019 04 28,@,ATL,"L,7-8",8,10,8,8,0,6,10,4,0,4.35,41,175,107,5,0,0,0,34,2,1,0,0,1,1,0,6,Angel Hernandez,"T.Anderson (5-41), D.Johnson (4), B.Shaw (0-H), C.Estevez (1-H), S.Oh 
(1-BL), M.Dunn (0)"
29,29,2019 04 29,@,MIL,"L,1-5",8,8,5,5,0,2,4,2,0,4.39,34,107,70,0,0,0,0,32,1,0,0,0,0,0,0,2,Jeff Nelson,"K.Freeland (10-41-L), C.Bettis (2)"
30,30,2019 04 30,@,MIL,"L,3-4",8,6,4,4,0,0,7,1,0,4.4,29,96,72,0,0,0,0,29,1,0,0,0,0,0,1,2,Jansen Visconti,"G.Marquez (5-55-L), B.Shaw (1)"
31,31,2019 05 01,@,MIL,"W,11-4",9,8,4,4,0,8,7,1,0,4.38,41,194,109,2,2,0,0,33,1,0,0,0,0,0,2,7,Laz Diaz,"A.Senzatela (4-45), M.Dunn (2), C.Estevez (2-BW), S.Oh (2-H), B.Shaw (0-H), 
S.Oberg (4), H.Musgrave (6)"
32,32,2019 05 02,@,MIL,"W,11-6",9,10,6,6,0,3,14,1,0,4.43,40,162,104,5,1,0,0,37,2,0,0,0,0,0,0,5,Chris Conroy,"J.Gray (4-42-W), C.Estevez (0), M.Dunn (0), C.Bettis (2), W.Davis (4)"
33,33,2019 05 03,x,ARI,"L,9-10",9,12,10,9,1,2,8,4,0,4.57,42,159,113,1,1,0,0,40,3,0,0,0,0,0,0,5,Brian Gorman,"T.Anderson (4-28-L), B.Shaw (1), S.Oh (1), C.Bettis (0), H.Musgrave (1)"
34,34,2019 05 04,x,ARI,"L,2-9",9,12,9,9,0,4,3,3,0,4.7,42,147,100,0,0,0,0,37,4,0,1,0,1,0,1,3,Tripp Gibson,"K.Freeland (4-21-L), Y.Almonte (21), D.Johnson (5)"
35,35,2019 05 05,x,ARI,"W,8-7",9,11,7,7,0,2,10,2,0,4.76,41,155,98,0,0,2,0,38,2,0,0,0,1,1,0,4,Mark Carlson,"G.Marquez (4-45), C.Estevez (2), S.Oberg (3-W), W.Davis (2-Sv)"
36,36,2019 05 07,x,SFG,"L,4-14",9,16,14,14,0,5,6,3,1,5.02,47,202,120,1,1,0,0,41,2,1,0,0,0,0,1,6,Ted Barrett,"A.Senzatela (5-22-L), Y.Almonte (2), M.Dunn (4), B.Shaw (3), S.Oh (3), 
D.Johnson (2)"
37,37,2019 05 09,x,SFG,"W,12-11",9,9,11,9,2,7,10,2,0,5.12,44,191,109,1,0,1,0,37,3,0,0,0,0,2,1,5,Nic Lentz,"K.Freeland (4-42), B.Shaw (1-BW), C.Estevez (3-H), S.Oberg (3-H), W.Davis 
(3-Sv)"
38,38,2019 05 10,x,SDP,"W,12-2",9,12,2,2,0,0,9,0,1,5.04,41,130,89,1,0,0,0,40,1,0,0,0,0,1,0,3,Brian O'Nora,"G.Marquez (4-48-W), Y.Almonte (2), C.Bettis (6)"
39,39,2019 05 11,x,SDP,"L,3-4",9,9,4,4,0,3,12,2,0,5.02,38,145,95,2,0,1,1,34,1,0,0,1,0,0,1,4,James Hoye,"J.Gray (8-51), M.Dunn (3), C.Estevez (1), W.Davis (1-L)"
40,40,2019 05 12,x,SDP,"W,10-7",9,10,7,7,0,3,10,1,0,5.06,40,148,88,2,2,0,0,36,2,0,0,0,1,0,0,5,Mark Ripperger,"A.Senzatela (4-59-W), C.Estevez (0-H), B.Shaw (2), S.Oh (4), S.Oberg (2)"
41,41,2019 05 14,@,BOS,"W,5-4",11,9,4,3,1,4,10,3,0,4.99,46,180,115,1,0,1,0,42,1,0,0,0,0,2,1,6,Dan Bellino,"K.Freeland (4-54), B.Shaw (1), S.Oberg (1-BSv), C.Estevez (1), M.Dunn 
(2-W), W.Davis (2-Sv)"
42,42,2019 05 15,@,BOS,"L,5-6",9,13,6,6,0,5,8,1,0,5.01,43,134,88,4,0,0,0,38,2,1,2,0,0,0,1,6,Sean Barber,"G.Marquez (4-39), M.Dunn (0), C.Estevez (0), S.Oberg (0), B.Shaw (0), 
C.Bettis (4-L)"
43,43,2019 05 17,@,PHI,"L,4-5",8,8,5,5,0,3,12,1,0,5.02,33,140,93,2,2,0,2,30,5,0,0,0,0,0,0,3,Angel Hernandez,"J.Gray (5-39-L), C.Estevez (1), B.Shaw (1)"
44,44,2019 05 18,@,PHI,"L,1-2",8,6,2,1,1,5,4,1,0,4.95,35,152,91,1,0,0,0,30,2,0,0,0,0,1,1,5,Ed Hickox,"A.Senzatela (5-49-L), M.Dunn (2), S.Oh (5), J.McGee (46), S.Oberg (2)"
45,45,2019 05 19,@,PHI,"L,5-7",8,9,7,7,0,7,7,2,0,5,39,179,106,4,1,1,0,32,0,0,1,0,0,0,1,5,Roberto Ortiz,"K.Freeland (4-34), C.Bettis (3), B.Shaw (1-BL), M.Dunn (0), Y.Almonte (8)"
46,46,2019 05 21,@,PIT,"W,5-0",9,3,0,0,0,2,8,0,0,4.9,33,124,74,0,0,0,0,31,1,0,0,0,0,1,0,2,Todd Tichenor,"G.Marquez (5-82-W), C.Estevez (3)"
47,47,2019 05 22,@,PIT,"W,9-3",9,8,3,3,0,2,7,1,1,4.86,36,137,89,0,0,0,0,33,1,0,0,0,0,0,2,3,Tom Hallion,"J.Gray (4-57-W), B.Shaw (2), J.Diaz (99)"
48,48,2019 05 23,@,PIT,"L,6-14",8,15,14,12,2,4,5,4,1,5.01,42,153,97,1,0,1,0,37,4,0,1,0,0,1,2,6,Adam Hamari,"A.Senzatela (4-9-L), C.Bettis (3), M.Dunn (3), C.Estevez (1), J.McGee (4), 
Y.Almonte (3)"
49,49,2019 05 24,x,BAL,"W,8-6",9,10,6,6,0,2,10,3,0,5.03,38,155,98,0,0,1,1,35,4,0,0,1,0,0,0,5,Quinn Wolcott,"J.Hoffman (30-34), J.Diaz (1), M.Dunn (0), B.Shaw (1), S.Oberg (5-W)"
50,50,2019 05 25,x,BAL,"L,6-9",9,17,9,9,0,3,7,2,0,5.11,43,159,105,3,2,0,1,40,2,0,0,0,0,0,2,5,Gary Cederstrom,"K.Freeland (5-15-L), C.Bettis (1), S.Oh (6), J.McGee (1), C.Estevez (1)"
51,51,2019 05 26,x,BAL,"W,8-7",9,11,7,7,0,2,5,0,0,5.15,42,134,89,6,3,0,0,37,3,1,0,2,1,1,0,4,Marvin Hudson,"G.Marquez (4-46), M.Dunn (1-H), B.Shaw (1-H), S.Oberg (1-BW)"
52,52,2019 05 27,x,ARI,"W,4-3",11,9,3,3,0,3,6,1,0,5.09,44,174,116,2,0,2,0,40,1,1,0,0,1,0,1,6,Brian Knight,"J.Gray (4-50), J.Diaz (2), C.Estevez (1), S.Oberg (0), B.Shaw (0), S.Oh 
(1-W)"
53,53,2019 05 28,x,ARI,"W,6-2",9,9,2,2,0,2,4,1,1,5.03,39,135,87,0,0,1,0,35,2,0,1,1,0,1,1,3,John Libka,"A.Senzatela (4-46), J.Diaz (0-W), C.Bettis (2-Sv)"
54,54,2019 05 29,x,ARI,"W,5-4",9,11,4,4,0,3,11,2,0,5.01,39,162,106,0,0,0,1,35,2,0,0,1,0,0,1,5,Gerry Davis,"J.Hoffman (4-45-W), S.Oh (1-H), C.Estevez (1-H), B.Shaw (1-H), S.Oberg 
(1-Sv)"
55,55,2019 05 30,x,ARI,"W,11-10",10,16,10,10,0,2,12,3,0,5.09,45,182,120,1,0,0,0,43,2,1,0,0,0,0,3,8,Pat Hoberg,"K.Freeland (4-26), C.Bettis (1), J.Diaz (1-H), M.Dunn (3), B.Shaw (0-BSv), 
J.McGee (4), S.Oberg (0), S.Oh (0-W)"
56,56,2019 05 31,x,TOR,"W,13-6",9,11,6,6,0,5,9,2,0,5.11,41,146,91,3,2,0,0,34,2,0,0,0,2,0,2,4,Tom Woodring,"G.Marquez (4-61-W), C.Rusin (99), J.McGee (0), J.Tinoco (99)"
57,57,2019 06 01,x,TOR,"W,4-2",9,4,2,1,1,3,9,1,0,5.04,35,124,79,3,0,2,0,32,2,0,0,0,0,1,0,4,Brian O'Nora,"J.Gray (4-74-W), J.Diaz (1-H), C.Estevez (2), S.Oberg (1-Sv)"
58,58,2019 06 02,x,TOR,"W,5-1",9,6,1,1,0,4,8,0,0,4.97,37,146,87,1,0,0,0,33,0,0,0,0,0,0,1,5,James Hoye,"A.Senzatela (4-61-W), C.Bettis (2-H), M.Dunn (2), J.Diaz (0), B.Shaw (2)"
59,59,2019 06 04,@,CHC,"L,3-6",8,8,6,6,0,1,8,2,0,4.99,33,123,81,0,0,0,0,31,2,0,1,0,1,0,0,3,Ron Kulpa,"J.Hoffman (5-46-L), J.McGee (3), C.Estevez (2)"
60,60,2019 06 05,@,CHC,"L,8-9",8,10,9,9,0,2,7,1,2,5.07,36,110,67,3,3,0,1,32,3,0,0,0,0,0,1,4,Gabe Morales,"G.Marquez (4-26-L), C.Rusin (4), J.Diaz (2), B.Shaw (2)"
61,61,2019 06 06,@,CHC,"W,3-1",9,5,1,1,0,2,12,0,0,5,34,121,81,0,0,1,0,32,1,0,0,0,0,0,0,3,Marty Foster,"P.Lambert (99-73-W), J.Diaz (0-H), S.Oberg (4-Sv)"
62,62,2019 06 07,@,NYM,"W,5-1",9,6,1,1,0,2,3,1,0,4.94,34,134,84,0,0,0,0,32,2,0,0,0,0,0,2,4,Chris Segal,"A.Senzatela (4-58-W), B.Shaw (1-H), S.Oberg (0), W.Davis (23)"
63,63,2019 06 08,@,NYM,"L,3-5",8,9,5,5,0,4,10,2,1,4.95,36,125,85,2,0,0,0,31,2,0,0,0,0,0,2,3,Mike Winters,"J.Gray (6-42-L), J.McGee (3), C.Estevez (3)"
64,64,2019 06 09,@,NYM,"L,1-6",8,8,6,6,0,2,11,1,0,4.97,33,101,71,1,0,3,0,31,2,1,1,0,0,0,0,3,Tim Timmons,"J.Hoffman (4-31-L), C.Bettis (6), C.Estevez (0)"
65,65,2019 06 10,x,CHC,"W,6-5",9,7,5,5,0,3,12,3,0,4.97,37,139,89,0,0,0,0,34,0,0,0,0,0,1,0,4,Quinn Wolcott,"G.Marquez (4-51), J.Diaz (3), S.Oberg (2-BW), W.Davis (2-Sv)"
66,66,2019 06 11,x,CHC,"W,10-3",9,6,3,3,0,3,5,1,2,4.94,37,138,85,0,0,0,0,32,1,0,0,0,0,0,1,5,Gary Cederstrom,"P.Lambert (4-58-W), C.Bettis (1-H), J.Diaz (0), B.Shaw (3), P.Diehl (99)"
67,67,2019 06 12,x,CHC,"L,1-10",9,12,10,8,2,5,7,2,2,4.99,45,163,92,3,3,0,0,37,2,0,1,0,1,1,2,5,Roberto Ortiz,"A.Senzatela (4-16-L), J.McGee (3), B.Shaw (0), P.Diehl (0), C.Estevez (2)"
68,68,2019 06 13,x,SDP,"W,9-6",9,13,6,6,0,0,12,2,0,5,40,137,94,0,0,0,0,40,3,1,0,0,0,1,0,4,Chris Guccione,"J.Gray (4-48-W), J.Diaz (1-H), S.Oberg (2), W.Davis (2)"
69,69,2019 06 14,x,SDP,"L,12-16",12,21,16,16,0,6,10,4,0,5.14,62,240,156,2,1,1,0,56,5,1,0,0,0,0,1,9,Mike Everitt,"J.Hoffman (4-57), C.Bettis (2-H), B.Shaw (1-H), J.McGee (1), C.Estevez (1), 
M.Dunn (11), W.Davis (0-BSv), S.Oberg (0), J.Diaz (0-L)"
70,70,2019 06 15,x,SDP,"W,14-8",9,13,8,7,1,5,11,0,0,5.16,44,158,100,3,0,0,0,39,3,0,0,0,0,1,1,4,Bill Welke,"G.Marquez (4-25-W), C.Estevez (0), C.Bettis (0-H), B.Shaw (0)"
71,71,2019 06 16,x,SDP,"L,13-14",9,15,14,14,0,6,7,2,0,5.29,46,186,110,1,1,1,0,39,2,3,2,0,1,0,2,6,Lance Barrett,"P.Lambert (4-12), J.Tinoco (15), B.Shaw (0), J.McGee (1-H), W.Davis (1-BL), 
J.Gray (2)"
72,72,2019 06 18,@,ARI,"W,8-1",9,7,1,1,0,4,6,0,0,5.23,38,126,77,2,0,0,0,34,1,0,0,0,0,1,1,3,Ted Barrett,"A.Senzatela (5-57-W), J.Diaz (3), C.Estevez (2)"
73,73,2019 06 19,@,ARI,"W,6-4",9,10,4,3,1,2,7,1,1,5.2,39,122,83,2,0,2,0,36,0,0,0,0,0,2,2,4,Angel Hernandez,"J.Gray (2-56-W), B.Shaw (2-H), S.Oberg (4-H), W.Davis (2-Sv)"
74,74,2019 06 20,@,ARI,"W,6-4",10,10,4,4,0,8,14,1,1,5.17,48,207,132,2,0,1,0,37,3,0,1,1,1,0,1,6,John Tumpane,"J.Hoffman (5-49), C.Bettis (4), C.Estevez (1), J.McGee (3), J.Diaz (1), 
S.Oberg (0-W)"
75,75,2019 06 21,@,LAD,"L,2-4",8.2,6,4,3,1,1,9,2,0,5.15,33,108,71,0,0,0,0,31,1,0,0,0,1,0,0,2,Chad Fairchild,"G.Marquez (5-74), J.Diaz (0-L)"
76,76,2019 06 22,@,LAD,"L,4-5",10.1,14,5,5,0,3,9,2,0,5.14,47,195,117,1,0,0,0,42,4,0,0,2,0,1,1,6,John Libka,"P.Lambert (5-41), J.McGee (1), B.Shaw (2-BSv), C.Estevez (1), W.Davis (2), 
J.Tinoco (5-L)"
77,77,2019 06 23,@,LAD,"L,3-6",8.2,7,6,3,3,3,6,2,0,5.11,37,140,90,2,2,0,0,34,2,0,1,0,0,1,0,4,Paul Emmel,"A.Senzatela (4-59), C.Bettis (2-BSv), J.McGee (0), S.Oberg (2-L)"
78,78,2019 06 24,@,SFG,"W,2-0",9,6,0,0,0,2,9,0,0,5.05,34,141,92,0,0,1,0,32,2,1,0,0,0,0,0,4,Vic Carapazza,"J.Gray (4-68-W), J.Diaz (2-H), S.Oberg (0-H), W.Davis (1-Sv)"
79,79,2019 06 25,@,SFG,"L,2-4",8,8,4,4,0,5,5,1,0,5.04,35,126,75,0,0,0,0,29,1,0,0,0,1,0,2,4,Jansen Visconti,"C.Gonzalez (99-43-L), C.Estevez (2), B.Shaw (2), J.McGee (1)"
80,80,2019 06 26,@,SFG,"W,6-3",9,8,3,2,1,3,5,1,0,5,36,151,93,0,0,0,2,32,4,1,0,1,0,1,1,5,Jordan Baker,"G.Marquez (4-43-W), J.McGee (0-H), J.Diaz (1-H), S.Oberg (1-H), W.Davis 
(1-Sv)"
81,81,2019 06 27,x,LAD,"L,8-12",9,17,12,12,0,2,6,6,0,5.09,46,184,118,1,0,0,0,44,3,0,0,0,0,0,0,5,Tony Randazzo,"P.Lambert (4-28), C.Bettis (3), J.Diaz (0-BSv), S.Oberg (0), W.Davis (0-L)"
82,82,2019 06 28,x,LAD,"W,13-9",9,9,9,5,4,7,5,2,0,5.09,45,159,95,0,0,0,0,38,3,0,1,0,0,2,1,5,Laz Diaz,"A.Senzatela (4-36-W), C.Estevez (2), B.Shaw (2-H), J.McGee (1-H), S.Oberg 
(0)"
83,83,2019 06 29,x,LAD,"W,5-3",9,8,3,2,1,2,13,0,1,5.05,38,139,90,2,0,0,0,34,1,1,0,1,0,1,1,4,Chris Guccione,"J.Gray (4-56-W), J.Diaz (1-H), B.Shaw (0-H), W.Davis (1-Sv)"
84,84,2019 06 30,x,LAD,"L,5-10",9,14,10,10,0,5,8,0,1,5.11,47,186,106,5,2,0,0,40,4,0,0,1,0,1,1,5,Cory Blaser,"C.Gonzalez (4-40), C.Estevez (1), C.Bettis (2-BL), J.Tinoco (7), J.Diaz (0)"
85,85,2019 07 02,x,HOU,"L,8-9",9,13,9,8,1,2,10,2,0,5.14,42,145,97,1,1,1,0,39,5,0,0,0,1,0,0,4,Adam Hamari,"G.Marquez (5-44), B.Shaw (2), J.McGee (3-BL), S.Oberg (3)"
86,86,2019 07 03,x,HOU,"L,2-4",9,6,4,4,0,3,3,2,1,5.13,35,113,74,0,0,1,0,31,1,0,0,0,0,0,1,4,Todd Tichenor,"P.Lambert (5-40-L), C.Bettis (2), J.Diaz (2), W.Davis (3)"
87,87,2019 07 05,@,ARI,"L,0-8",8,9,8,8,0,4,4,2,0,5.17,35,124,74,3,3,1,0,30,1,0,0,0,1,0,2,3,CB Bucknor,"A.Senzatela (6-20-L), J.Tinoco (4), C.Estevez (4)"
88,88,2019 07 06,@,ARI,"L,2-4",8,13,4,4,0,3,6,1,0,5.16,38,148,98,0,0,1,0,35,2,0,1,0,0,0,2,4,Bill Miller,"J.Gray (6-41-L), J.Diaz (2), J.McGee (3), C.Bettis (2)"
89,89,2019 07 07,@,ARI,"L,3-5",8,8,5,4,1,1,7,1,0,5.16,34,127,83,0,0,0,0,33,2,1,0,0,0,0,0,3,Doug Eddings,"G.Marquez (4-46-L), C.Estevez (1), S.Oberg (4)"
90,90,2019 07 12,x,CIN,"W,3-2",9,6,2,2,0,0,8,1,0,5.12,32,122,87,0,0,0,0,31,0,1,0,1,0,0,0,3,Eric Cooper,"J.Gray (5-67), J.Diaz (5-W), W.Davis (8-Sv)"
91,91,2019 07 13,x,CIN,"L,9-17",9,24,17,17,0,4,8,3,0,5.25,53,202,127,3,3,1,0,48,4,5,0,0,1,0,1,6,James Hoye,"K.Freeland (43-27), C.Bettis (6-L), J.Diaz (0), J.McGee (6), C.Estevez (5), 
B.Shaw (10)"
92,92,2019 07 14,x,CIN,"W,10-9",9,9,9,9,0,2,8,1,1,5.29,38,143,86,1,1,1,1,33,2,1,0,1,1,0,0,4,Jeremie Rehak,"A.Senzatela (8-24-W), J.Tinoco (8-H), S.Oberg (6-H), W.Davis (1-Sv)"
93,93,2019 07 15,x,SFG,"L,2-19",9,21,19,18,1,3,5,4,1,5.43,52,199,117,2,1,0,0,46,6,0,0,2,0,1,1,4,David Rackley,"G.Marquez (7--5-L), J.Tinoco (0), Y.Almonte (52), M.Reynolds (99)"
94,94,2019 07 15,x,SFG,"L,1-2",9,6,2,2,0,3,9,2,0,5.39,35,145,96,2,0,0,0,32,1,0,0,0,0,0,1,4,Dan Bellino,"C.Gonzalez (14-50-L), C.Estevez (1), B.Shaw (1), J.Diaz (1)"
95,95,2019 07 16,x,SFG,"L,4-8",10,14,8,7,1,3,6,1,0,5.4,44,173,104,3,2,0,1,41,2,0,0,0,0,1,3,7,Chad Whitson,"P.Lambert (12-55), J.McGee (2), J.Diaz (0), S.Oberg (1), C.Bettis (2), 
W.Davis (1-L), B.Shaw (0)"
96,96,2019 07 17,x,SFG,"L,8-11",9,18,11,9,2,3,8,2,0,5.44,48,167,108,3,0,0,0,44,6,0,0,1,0,1,1,5,Larry Vanover,"J.Gray (4-22-L), B.Shaw (0), C.Estevez (1), C.Bettis (0), J.McGee (0)"
97,97,2019 07 19,@,NYY,"L,2-8",8,12,8,8,0,4,8,2,0,5.47,40,168,99,0,0,1,0,36,1,0,0,0,0,0,1,4,Doug Eddings,"K.Freeland (5-33-L), Y.Almonte (3), J.McGee (1), J.Diaz (2)"
98,98,2019 07 20,@,NYY,"L,5-11",8,14,11,11,0,5,11,0,1,5.53,44,202,122,4,1,1,0,38,3,0,0,0,0,0,0,5,Chris Conroy,"A.Senzatela (5-15-L), C.Bettis (2), C.Estevez (2), B.Shaw (2), J.Diaz (0)"
99,99,2019 07 21,@,NYY,"W,8-4",9,4,4,4,0,3,6,3,0,5.52,34,129,83,0,0,0,0,31,0,0,0,0,0,0,0,3,Jansen Visconti,"G.Marquez (5-66-W), S.Oberg (4), W.Davis (4)"
100,100,2019 07 23,@,WSN,"L,1-11",8,17,11,11,0,2,9,1,1,5.58,43,165,105,3,2,2,0,40,4,1,0,0,0,0,1,4,Jerry Meals,"P.Lambert (6-45-L), S.Howard (99), J.Diaz (2), J.McGee (3)"
101,101,2019 07 24,@,WSN,"L,2-3",8,7,3,3,0,7,6,2,0,5.56,38,149,89,0,0,0,0,31,1,0,1,0,0,0,0,3,Ron Kulpa,"J.Gray (6-53), C.Bettis (3), C.Estevez (3-L)"
102,102,2019 07 24,@,WSN,"L,0-2",8,6,2,1,1,2,6,1,0,5.52,32,137,84,0,0,1,0,30,3,0,0,0,0,1,0,3,John Libka,"K.Freeland (4-65-L), J.McGee (0), S.Oberg (2)"
103,103,2019 07 25,@,WSN,"W,8-7",9,7,7,7,0,8,8,2,1,5.54,42,171,99,1,0,3,0,32,3,0,0,1,0,0,1,6,Gabe Morales,"J.Hoffman (34-47), B.Shaw (4-BSv), C.Estevez (0), S.Howard (1), J.Diaz 
(1-W), W.Davis (3-Sv)"
104,104,2019 07 26,@,CIN,"W,12-2",9,8,2,2,0,0,7,1,0,5.5,33,115,83,0,0,0,0,33,2,0,0,0,0,0,2,3,Mark Wegner,"G.Marquez (4-66-W), S.Oberg (1), C.Bettis (1)"
105,105,2019 07 27,@,CIN,"L,1-3",8,6,3,3,0,3,4,2,1,5.48,31,124,74,1,0,0,1,27,0,0,0,0,0,0,2,4,Alan Porter,"C.Gonzalez (11-48-L), J.Diaz (1), C.Estevez (1), J.McGee (2)"
106,106,2019 07 28,@,CIN,"L,2-3",8,8,3,3,0,4,6,0,1,5.47,36,159,103,2,0,0,0,30,1,0,0,1,0,0,1,4,Bill Miller,"P.Lambert (4-50), J.McGee (0-L), J.Diaz (0), S.Howard (2)"
107,107,2019 07 29,x,LAD,"W,9-1",9,4,1,1,0,3,6,0,0,5.42,33,124,71,0,0,0,0,30,2,0,0,0,0,0,1,2,Lance Barksdale,"J.Gray (4-75-W), W.Davis (3)"
108,108,2019 07 30,x,LAD,"L,4-9",9,9,9,8,1,5,9,4,0,5.45,40,167,103,2,1,0,1,35,2,0,0,0,0,0,0,4,John Bacon,"K.Freeland (5-14-L), C.Bettis (3), S.Howard (1), B.Shaw (4)"
109,109,2019 07 31,x,LAD,"L,1-5",9,8,5,5,0,4,16,2,0,5.44,39,163,104,0,0,0,0,35,1,0,0,0,0,1,1,5,Kerwin Danley,"G.Marquez (4-78), J.McGee (2), S.Oberg (4), W.Davis (1-L), C.Estevez (3)"
110,110,2019 08 02,x,SFG,"W,5-4",9,9,4,4,0,3,8,1,0,5.43,38,123,82,0,0,0,0,35,2,1,1,0,0,0,1,3,Todd Tichenor,"P.Lambert (4-46), J.Diaz (4-W), S.Oberg (1-Sv)"
111,111,2019 08 03,x,SFG,"L,5-6",9,14,6,6,0,5,9,1,1,5.44,46,194,116,6,0,1,0,40,6,0,0,0,0,0,1,6,Adam Hamari,"J.Gray (4-32), B.Shaw (3), J.McGee (2-H), C.Estevez (2-BL), S.Howard (3), 
C.Bettis (3)"
112,112,2019 08 04,x,SFG,"W,6-2",9,7,2,2,0,1,8,2,0,5.41,33,133,88,0,0,0,0,32,0,0,0,0,0,0,1,5,Ben May,"K.Freeland (4-53-W), W.Davis (3), J.McGee (0), J.Diaz (1), S.Oberg (1)"
113,113,2019 08 06,@,HOU,"L,6-11",8,13,11,11,0,2,6,4,0,5.46,39,151,96,2,1,1,0,37,2,1,0,0,0,1,1,5,Marvin Hudson,"G.Marquez (5-35), C.Gonzalez (9-L), J.McGee (1), B.Shaw (2), C.Bettis (2)"
114,114,2019 08 07,@,HOU,"L,3-14",8,12,14,14,0,9,9,2,0,5.54,45,176,101,6,4,0,0,35,2,0,0,0,1,0,0,3,Adrian Johnson,"P.Lambert (4-6-L), J.Tinoco (22), S.Howard (3)"
115,115,2019 08 08,@,SDP,"L,3-9",8,8,9,4,5,3,8,2,1,5.53,38,128,77,2,2,1,1,33,2,0,0,1,0,3,0,3,Pat Hoberg,"J.Gray (4-39-L), J.Diaz (3), B.Shaw (1)"
116,116,2019 08 09,@,SDP,"L,1-7",8,11,7,7,0,4,6,1,0,5.55,37,142,91,0,0,2,0,32,1,0,0,1,0,0,2,3,Greg Gibson,"K.Freeland (4-45-L), W.Davis (4), S.Oberg (4)"
117,117,2019 08 10,@,SDP,"L,5-8",8,11,8,8,0,3,8,3,0,5.58,38,141,91,0,0,0,0,35,5,1,0,0,0,0,0,4,Gerry Davis,"C.Gonzalez (3-32), C.Bettis (3), J.Diaz (1-L), J.McGee (3)"
118,118,2019 08 11,@,SDP,"W,8-3",9,6,3,3,0,3,10,2,0,5.56,35,117,83,0,0,0,0,32,1,0,0,0,0,0,1,2,Brian Knight,"G.Marquez (4-67-W), C.Estevez (7)"
119,119,2019 08 12,x,ARI,"L,6-8",9,11,8,7,1,5,3,3,0,5.57,41,135,86,0,0,1,1,36,2,0,1,0,0,0,1,6,Fieldin Culbreth,"P.Lambert (4-43), J.McGee (1-BSv), C.Bettis (1-L), J.Diaz (1), W.Davis (2), 
B.Shaw (3)"
120,120,2019 08 13,x,ARI,"L,3-9",9,11,9,9,0,5,9,4,0,5.6,41,149,97,0,0,0,1,36,0,1,1,0,0,0,0,5,CB Bucknor,"J.Hoffman (18-18-L), J.Tinoco (5), C.Estevez (1), C.Bettis (0), J.McGee (0)"
121,121,2019 08 14,x,ARI,"W,7-6",9,12,6,6,0,2,8,2,0,5.6,39,148,96,0,0,0,0,37,3,0,0,0,0,0,2,4,Chris Conroy,"K.Freeland (4-41), J.Diaz (1), W.Davis (1), S.Oberg (4-W)"
122,122,2019 08 16,x,MIA,"W,3-0",9,6,0,0,0,0,8,0,0,5.55,32,112,80,0,0,0,0,32,0,1,0,0,0,0,1,2,Tony Randazzo,"J.Gray (7-79-W), S.Oberg (1-Sv)"
123,123,2019 08 17,x,MIA,"W,11-4",9,8,4,4,0,3,11,2,0,5.54,37,174,117,0,0,0,1,34,1,0,0,0,0,0,0,4,Jeff Nelson,"G.Marquez (5-56-W), C.Estevez (3), J.Tinoco (3), Y.Almonte (28)"
124,124,2019 08 18,x,MIA,"W,7-6",10,11,6,6,0,3,7,0,0,5.54,44,166,109,2,2,0,0,40,5,0,0,0,1,0,0,5,Ramon De Jesus,"P.Lambert (5-49), B.Shaw (5), J.Diaz (3), W.Davis (3-BSv), C.Estevez (0-W)"
125,125,2019 08 19,@,ARI,"L,3-5",8,6,5,5,0,2,4,2,0,5.54,32,127,81,3,2,1,0,30,1,1,0,0,0,0,0,4,Tripp Gibson,"C.Gonzalez (8-59), J.Tinoco (1), W.Davis (0-L), J.McGee (5)"
126,126,2019 08 20,@,ARI,"L,7-8",8,9,8,3,5,4,6,1,0,5.52,38,143,94,3,2,0,1,33,1,1,1,0,1,2,0,4,Dan Bellino,"K.Freeland (5-42-L), B.Shaw (1), Y.Almonte (2), D.Johnson (99)"
127,127,2019 08 21,@,ARI,"W,7-2",9,4,2,2,0,3,6,2,0,5.5,34,142,87,2,0,0,0,31,1,0,0,0,0,0,0,4,Chris Segal,"T.Melville (99-71-W), J.Tinoco (1), C.Estevez (2), J.Diaz (2)"
128,128,2019 08 22,@,STL,"L,5-6",8,9,6,6,0,5,7,3,0,5.51,36,142,88,0,0,0,0,31,1,0,0,0,0,0,2,3,Bruce Dreckman,"G.Marquez (4-44), Y.Almonte (1-BL), D.Johnson (1)"
129,129,2019 08 23,@,STL,"L,3-8",8,13,8,4,4,5,1,1,1,5.5,43,147,84,1,1,0,0,35,2,0,0,1,1,1,1,4,Mike Estabrook,"P.Lambert (4-35-L), W.Parsons (30), W.Davis (3), J.McGee (3)"
130,130,2019 08 24,@,STL,"L,0-6",8,6,6,6,0,8,4,2,0,5.51,37,146,79,3,1,0,0,28,0,0,0,0,1,0,0,4,Paul Emmel,"C.Gonzalez (4-33-L), D.Johnson (1), B.Shaw (3), Y.Almonte (1)"
131,131,2019 08 25,@,STL,"L,4-11",8,15,11,11,0,6,5,2,0,5.55,43,162,103,1,0,2,1,37,3,1,0,0,0,0,0,6,Chad Fairchild,"A.Senzatela (35-20-L), J.Tinoco (3), W.Davis (1), C.Estevez (3), B.Shaw 
(0), J.McGee (1)"
132,132,2019 08 26,x,ATL,"W,3-1",9,7,1,1,0,5,12,0,0,5.52,37,165,104,0,0,3,0,30,3,1,0,1,1,0,1,4,Nic Lentz,"T.Melville (4-60), W.Parsons (2), C.Estevez (0), J.Diaz (4-BW)"
133,133,2019 08 27,x,BOS,"L,6-10",9,10,10,8,2,8,4,3,0,5.54,43,160,89,1,0,0,0,35,3,0,0,0,0,1,4,5,Jansen Visconti,"R.Garcia (99-26-L), Y.Almonte (2), J.McGee (1), B.Shaw (1), W.Davis (1)"
134,134,2019 08 28,x,BOS,"L,4-7",9,12,7,7,0,3,7,4,0,5.55,42,173,107,3,1,0,0,39,2,1,0,0,0,1,0,5,Jerry Meals,"P.Lambert (4-30-L), S.Howard (20), J.Tinoco (2), C.Estevez (1), W.Parsons 
(1)"
135,135,2019 08 29,x,PIT,"L,8-11",9,15,11,11,0,2,8,3,2,5.59,45,152,93,1,0,1,0,40,3,0,0,1,0,0,1,5,Todd Tichenor,"C.Gonzalez (4-9-L), Y.Almonte (1), J.Tinoco (0), J.McGee (1), W.Davis (1)"
136,136,2019 08 30,x,PIT,"L,4-9",9,16,9,8,1,1,4,1,1,5.61,42,153,104,0,0,0,0,39,4,0,0,0,1,1,2,5,Ben May,"A.Senzatela (4-24-L), B.Shaw (2), C.Estevez (1), W.Davis (0), J.Diaz (3)"
137,137,2019 08 31,x,PIT,"L,4-11",9,18,11,9,2,3,6,3,0,5.63,49,184,121,0,0,0,0,44,3,0,0,1,1,1,0,5,Adam Hamari,"T.Melville (4-21-L), W.Parsons (2), B.Shaw (0), J.McGee (1), S.Howard (2)"
138,138,2019 09 01,x,PIT,"L,2-6",9,14,6,3,3,2,8,2,0,5.61,42,147,95,1,0,0,1,39,1,0,0,1,0,2,1,5,Tom Hallion,"J.Hoffman (18-43-L), J.Tinoco (2), J.Pazos (99), C.Estevez (1), J.Diaz (1)"
139,139,2019 09 02,@,LAD,"L,9-16",8,17,16,13,3,6,6,7,1,5.67,48,202,121,6,1,2,0,40,4,0,2,1,0,1,1,7,Larry Vanover,"P.Lambert (4-15-L), Y.Almonte (3), J.Pazos (0), J.Tinoco (0), S.Howard (1), 
J.McGee (1), I.Desmond (99)"
140,140,2019 09 03,@,LAD,"L,3-5",8,6,5,5,0,3,4,3,0,5.67,32,135,82,2,2,0,0,29,0,0,0,0,0,0,1,4,Dan Bellino,"C.Gonzalez (4-59), B.Shaw (2-BL), C.Estevez (1), W.Davis (3)"
141,141,2019 09 04,@,LAD,"L,3-7",8,8,7,7,0,2,8,2,0,5.69,34,141,84,0,0,0,0,31,0,0,0,1,0,0,0,5,David Rackley,"A.Senzatela (4-29-L), W.Parsons (3), D.Johnson (10), S.Howard (1), J.Diaz 
(2)"
142,142,2019 09 06,@,SDP,"W,3-2",9,5,2,2,0,4,10,0,1,5.66,36,146,92,3,0,0,0,31,1,0,0,0,0,0,0,5,Alex Tosi,"T.Melville (5-57-W), J.Pazos (3-H), D.Johnson (1-H), C.Estevez (2-H), 
J.Diaz (1-Sv)"
143,143,2019 09 07,@,SDP,"L,0-3",8,6,3,3,0,4,9,2,0,5.65,33,128,80,1,0,1,0,29,0,0,0,0,0,0,1,4,Mark Ripperger,"J.Hoffman (5-53-L), S.Howard (2), W.Parsons (2), J.Harvey (99)"
144,144,2019 09 08,@,SDP,"L,1-2",9.1,7,2,2,0,7,7,0,1,5.62,41,158,96,6,1,1,0,33,2,0,0,0,0,0,1,8,Brian O'Nora,"P.Lambert (5-54), D.Johnson (1), B.Shaw (4), C.Estevez (1), J.Diaz (1), 
J.Tinoco (5-L), S.Howard (0), Y.Almonte (5)"
145,145,2019 09 10,x,STL,"W,2-1",9,6,1,1,0,1,8,0,1,5.59,34,143,90,2,0,0,1,32,1,0,0,0,0,1,1,4,Brian Knight,"C.Gonzalez (6-64-W), B.Shaw (1-H), C.Estevez (1-H), J.Diaz (1-Sv)"
146,146,2019 09 11,x,STL,"W,2-1",9,6,1,1,0,4,7,0,0,5.55,36,137,86,0,0,0,0,31,3,0,0,1,0,1,3,4,Pat Hoberg,"A.Senzatela (6-63-W), W.Parsons (3-H), C.Estevez (0-H), J.Diaz (0-Sv)"
147,147,2019 09 12,x,STL,"L,3-10",9,11,10,10,0,7,11,5,2,5.58,47,182,111,4,2,4,0,37,3,0,1,0,1,0,0,9,Gerry Davis,"T.Melville (5-28-L), J.Tinoco (3), J.Harvey (4), D.Johnson (3), J.Pazos 
(5), Y.Almonte (3), S.Howard (3), W.Davis (8), J.McGee (9)"
148,148,2019 09 13,x,SDP,"W,10-8",9,9,8,8,0,8,8,1,2,5.6,43,184,113,4,4,0,1,33,4,0,1,0,0,1,2,6,Carlos Torres,"J.Hoffman (5-42-W), W.Parsons (1), B.Shaw (2-H), D.Johnson (0-H), C.Estevez 
(1-H), J.Diaz (1-Sv)"
149,149,2019 09 14,x,SDP,"W,11-10",9,10,10,10,0,7,4,1,1,5.63,43,157,92,8,3,0,1,35,4,1,0,0,0,0,1,9,Paul Nauert,"P.Lambert (5-34-W), Y.Almonte (1), J.Pazos (1), J.Harvey (1), P.Diehl (93), 
W.Parsons (0), S.Howard (1), B.Shaw (0-H), J.Tinoco (1-Sv)"
150,150,2019 09 15,x,SDP,"W,10-5",9,8,5,5,0,7,8,3,0,5.63,41,179,111,1,0,0,0,33,2,0,0,1,0,0,1,6,John Libka,"C.Gonzalez (4-50), Y.Almonte (0), S.Howard (0-W), D.Johnson (1-H), 
C.Estevez (1), J.Harvey (0)"
151,151,2019 09 16,x,NYM,"W,9-4",9,9,4,4,0,3,9,2,0,5.62,39,152,96,0,0,0,0,36,2,0,1,0,0,0,0,4,Ryan Blakney,"A.Senzatela (4-43-W), J.Pazos (1-H), C.Estevez (0), J.Diaz (2)"
152,152,2019 09 17,x,NYM,"L,1-6",9,11,6,6,0,3,4,3,0,5.62,36,133,81,1,0,0,0,33,1,0,0,0,0,0,3,5,Chad Fairchild,"T.Melville (4-42-L), P.Diehl (2), Y.Almonte (1), W.Parsons (2), R.Garcia 
(20)"
153,153,2019 09 18,x,NYM,"L,4-7",9,10,7,6,1,6,4,2,1,5.62,42,163,100,10,4,0,0,35,1,0,0,0,0,0,1,7,Kerwin Danley,"J.Hoffman (4-52), P.Diehl (0), Y.Almonte (0-H), J.Pazos (1-H), J.Tinoco 
(3-H), J.Diaz (1-BL), J.Harvey (2)"
154,154,2019 09 20,@,LAD,"L,5-12",8,13,12,12,0,4,7,2,3,5.67,43,182,105,5,4,3,0,33,3,0,0,2,1,0,1,6,Greg Gibson,"P.Lambert (5-29-L), S.Howard (4), W.Parsons (2), J.McGee (7), W.Davis (7), 
P.Diehl (1)"
155,155,2019 09 21,@,LAD,"W,4-2",9,6,2,0,2,1,12,0,0,5.63,34,139,93,0,0,0,0,33,1,1,0,0,0,1,0,4,CB Bucknor,"K.Freeland (31-51), C.Gonzalez (5-W), C.Estevez (4-H), J.Diaz (2-Sv)"
156,156,2019 09 22,@,LAD,"L,4-7",8,11,7,7,0,5,7,4,0,5.64,39,172,100,6,3,0,0,34,1,0,0,0,0,0,1,8,Nic Lentz,"A.Senzatela (5-33-L), J.McGee (1), Y.Almonte (3), D.Johnson (6), J.Pazos 
(3), J.Harvey (3), S.Howard (1), W.Parsons (1)"
157,157,2019 09 24,@,SFG,"W,8-5",16,8,5,5,0,6,15,3,0,5.61,60,224,137,2,0,1,1,53,1,0,1,0,1,1,2,12,Adrian Johnson,"J.Hoffman (5-42), J.Tinoco (5), Y.Almonte (1-BSv), J.Pazos (1), D.Johnson 
(1), C.Estevez (2-BSv), J.Diaz (2), W.Parsons (1), P.Diehl (3), J.Harvey 
(1), S.Howard (1-W), B.Shaw (9-Sv)"
158,158,2019 09 25,@,SFG,"L,1-2",8.1,7,2,2,0,2,3,1,0,5.59,34,124,82,1,0,2,0,31,0,0,0,1,0,0,0,5,Todd Tichenor,"T.Melville (7-55), P.Diehl (0), Y.Almonte (0), J.Pazos (0), D.Johnson (0-L)"
159,159,2019 09 26,@,SFG,"L,3-8",8,12,8,8,0,3,5,2,0,5.61,36,138,86,2,2,0,0,33,4,1,1,0,0,0,1,6,Alex Tosi,"K.Freeland (4-48), J.Tinoco (1-L), P.Diehl (0), S.Howard (1), W.Parsons 
(1), B.Shaw (1)"
160,160,2019 09 27,x,MIL,"W,11-7",9,14,7,7,0,6,7,1,1,5.62,45,164,102,3,0,0,0,38,3,0,0,0,0,0,2,4,Nick Mahrley,"A.Senzatela (4-54-W), J.Pazos (1), J.Harvey (2), J.Diaz (2)"
161,161,2019 09 28,x,MIL,"W,3-2",10,8,2,2,0,2,11,1,0,5.59,37,142,95,1,1,0,1,35,4,0,0,0,0,0,0,6,Mark Carlson,"C.Gonzalez (6-66), J.Pazos (0), Y.Almonte (2), P.Diehl (1), D.Johnson (2), 
J.Diaz (0-W)"
162,162,2019 09 29,x,MIL,"W,4-3",13,7,3,3,0,6,13,2,2,5.56,54,211,131,3,0,0,0,46,3,0,0,0,0,1,0,8,Tripp Gibson,"J.Hoffman (4-56), S.Howard (2), J.Tinoco (2), J.Harvey (1), W.Parsons (2), 
Y.Almonte (0), D.Johnson (0), B.Shaw (2-W)"